Feature,Importance
duration_1.0,0.31688694722891597
month,0.24153158047012718
housing_1.0,0.13568623342868463
poutcome_1.0,0.10161977680684997
balance_1.0,0.06879296832304645
contact_1.0,0.06145234135291079
loan_1.0,0.039792904528637964
day_1.0,0.03423724786082707
