Feature,Importance
month,0.3160121743243332
housing_1.0,0.23729904918072756
duration_1.0,0.13127442777937687
contact_1.0,0.11329871808320467
marital_1.0,0.062111087095349744
campaign_1.0,0.049580926655658546
loan_1.0,0.048592786863742715
day_1.0,0.04183083001760667
