Feature,Importance
duration_2,0.5575340624786462
month,0.24780603127798545
pdays_1,0.19465990624336835
