Feature,Importance
duration_3,0.4573909207448417
duration_2,0.23750485652546066
month,0.19127214076429733
balance_1,0.05946557520206231
pdays_3,0.05436650676333802
