Feature,Importance
month,0.525517969393338
duration_1.0,0.30474791643714366
housing_1.0,0.1697341141695184
