Feature,Importance
duration_2,0.2950206370402192
month,0.230533315393537
duration_0,0.07391992614250387
campaign_1,0.0493291915984246
balance_0,0.04428377017072025
loan_0,0.04266099375847055
housing_0,0.04228329013035739
pdays_0,0.04225268002727159
day_1,0.04007307696642318
contact_0,0.03790494095464897
duration_-1,0.027174803936324207
job_2,0.02699252833103487
education_0,0.02455926189788427
age_0,0.023011583652180024
