Feature,Importance
month,0.5551894693106123
duration_2,0.2350248807812517
age_2,0.20978564990813586
