Feature,Importance
duration_3,0.35739595278070196
duration_1,0.26760772848809794
month,0.19427775591134064
balance_0,0.07264105226649321
age_3,0.040841949992086395
balance_1,0.037061021679013255
loan_1,0.030174538882266688
