Feature,Importance
duration_1,0.5465058523381898
month,0.15578412670768157
duration_2,0.12647230076841912
balance_2,0.10872553212445742
age_3,0.06251218806125208
