Feature,Importance
duration_3,0.2778647340981898
duration_1,0.2511267464454233
month,0.17846054303132522
pdays_2,0.09650292366375324
balance_4,0.051852586847689
age_1,0.04378932141738247
campaign_2,0.03820525982700068
age_3,0.0347115317152238
day_1,0.027486352954012458
