Feature,Importance
month,0.3550529729229068
housing_1.0,0.3364966354826002
contact_1.0,0.16526495761150503
loan_1.0,0.09329455753545725
balance_1.0,0.04989087644753079
