Feature,Importance
month,0.2648991596899864
poutcome_1.0,0.2604389533248762
duration_1.0,0.19586959296848494
pdays_1.0,0.11769718414740861
housing_1.0,0.10274195402972158
day_1.0,0.05835315583952224
