Feature,Importance
month,0.8072983446307637
pdays_1,0.19270165536923634
