Feature,Importance
duration_3,0.40227661305211004
duration_1,0.39191766040394416
month,0.180032507962419
age_3,0.025773218581526744
