Feature,Importance
month,0.5350157866715317
balance_2,0.289767301527996
duration_2,0.1752169118004723
