Feature,Importance
duration_3,0.2858517921669099
month,0.22314813659277588
duration_1,0.0638243933646329
poutcome_3,0.05870135232938517
contact_1,0.050321762648464344
housing_1,0.042690974403488145
loan_1,0.03894463331392073
job_3,0.03727141062361255
day_2,0.034737174062251026
campaign_2,0.03438245954669952
pdays_1,0.030608699529765138
duration_0,0.026283740684561213
education_1,0.02579372847808354
age_2,0.024695722883895058
age_1,0.02274401937155471
