Feature,Importance
month,0.42256251525517025
duration_1,0.2968806856962512
pdays_1,0.18180907409147962
previous_1,0.09874772495709881
