Feature,Importance
duration_2,0.2852707805982602
month,0.22123629002244022
duration_0,0.06643892020681276
poutcome_2,0.05150494544201652
contact_0,0.05106703927377746
housing_0,0.04446123209987191
loan_0,0.04142389910536209
campaign_1,0.03809849838633583
job_2,0.033364886133095975
pdays_0,0.03311218770645845
day_1,0.03300149352658526
duration_-1,0.026273520698477777
age_1,0.026070095813851352
education_0,0.02544716029347048
age_0,0.023229050693183758
