Feature,Importance
duration_1,0.3223872211851697
month,0.28528108214095826
duration_3,0.2211022489449658
previous_2,0.10824389374018258
campaign_1,0.06298555398872362
