Feature,Importance
duration_2,0.4209352903128412
month,0.33817122787008697
pdays_1,0.1695851481343977
pdays_2,0.07130833368267407
