Feature,Importance
duration_1.0,0.3890880599085366
month,0.23081179432615118
poutcome_1.0,0.15084086803360408
housing_1.0,0.1275001301812804
day_1.0,0.03635817747561281
loan_1.0,0.03405920611971929
balance_1.0,0.03134176395509573
