Feature,Importance
duration_3,0.45292988119756705
month,0.2781214684637252
pdays_2,0.15048732696978012
campaign_1,0.06682833841708187
previous_1,0.0516329849518458
