Feature,Importance
duration_1,0.31095945072883524
duration_2,0.24764812309515968
month,0.21497784465380726
campaign_3,0.04743289509463361
loan_0,0.04345560887634378
age_2,0.03968301986141305
age_0,0.03689463700695784
day_1,0.035088990061933896
default_0,0.023859430620915657
